<?xml version="1.0"?>
<QCARConfig xsi:noNamespaceSchemaLocation="qcar_config.xsd" xmlns:xsi="http://www.w3.org/2001/XMLSchema-instance">
  <Tracking>
    <ImageTarget name="stones" size="0.247 0.173">
      <VirtualButton name="soccerball" rectangle="-0.01235 0.01235 0.01235 -0.01235" enabled="true" sensitivity="high" />
    </ImageTarget>
    <ImageTarget name="wood" size="0.247 0.173">
      <VirtualButton name="blue" rectangle="-0.04528 -0.05352 -0.01235 -0.06587" enabled="true" sensitivity="low" />
      <VirtualButton name="green" rectangle="0.07657 -0.05352 0.10950 -0.06587" enabled="true" sensitivity="low" />
      <VirtualButton name="red" rectangle="-0.10868 -0.05352 -0.07575 -0.06587" enabled="true" sensitivity="low"/>
      <VirtualButton name="yellow" rectangle="0.01482 -0.05352 0.04775 -0.06587" enabled="true" sensitivity="low" />
    </ImageTarget>
  </Tracking>
</QCARConfig>
